{
  "skipped": false,
  "rows": 120000,
  "score_quantiles": {
    "q01": -0.6536819667151258,
    "q05": -0.5577743401271459,
    "q50": -0.352642242011676
  },
  "max_rows": 120000
}