{
  "top1_accuracy": 0.29663333333333336,
  "top5_accuracy": 0.6546333333333333,
  "num_classes": 80,
  "train_rows": 120000,
  "test_rows": 30000,
  "model_kind": "histgb",
  "per_class_report": {
    "LTKLJ": {
      "precision": 0.5107913669064749,
      "recall": 0.10636704119850188,
      "f1-score": 0.17606943583384996,
      "support": 1335.0
    },
    "NLRTM": {
      "precision": 0.4397905759162304,
      "recall": 0.13592233009708737,
      "f1-score": 0.207663782447466,
      "support": 1236.0
    },
    "RULED": {
      "precision": 0.5318559556786704,
      "recall": 0.33189282627484873,
      "f1-score": 0.408728046833422,
      "support": 1157.0
    },
    "PLGDY": {
      "precision": 0.314359637774903,
      "recall": 0.23569350145489815,
      "f1-score": 0.26940133037694014,
      "support": 1031.0
    },
    "PLSZZ": {
      "precision": 0.2881165919282511,
      "recall": 0.24975704567541301,
      "f1-score": 0.26756897449245187,
      "support": 1029.0
    },
    "PLGDN": {
      "precision": 0.3799435028248588,
      "recall": 0.26686507936507936,
      "f1-score": 0.3135198135198135,
      "support": 1008.0
    },
    "RUULU": {
      "precision": 0.38477801268498946,
      "recall": 0.2028985507246377,
      "f1-score": 0.2656934306569343,
      "support": 897.0
    },
    "RUKGD": {
      "precision": 0.49859943977591037,
      "recall": 0.40454545454545454,
      "f1-score": 0.4466750313676286,
      "support": 880.0
    },
    "LVRIX": {
      "precision": 0.21348314606741572,
      "recall": 0.09595959595959595,
      "f1-score": 0.13240418118466898,
      "support": 792.0
    },
    "BEANR": {
      "precision": 0.5472636815920398,
      "recall": 0.14360313315926893,
      "f1-score": 0.22750775594622544,
      "support": 766.0
    },
    "SZCZECIN": {
      "precision": 0.27586206896551724,
      "recall": 0.31728045325779036,
      "f1-score": 0.2951251646903821,
      "support": 706.0
    },
    "KLAIPEDA": {
      "precision": 0.25842696629213485,
      "recall": 0.0705521472392638,
      "f1-score": 0.1108433734939759,
      "support": 652.0
    },
    "RUPRI": {
      "precision": 0.24877250409165302,
      "recall": 0.2401263823064771,
      "f1-score": 0.24437299035369775,
      "support": 633.0
    },
    "GDANSK": {
      "precision": 0.2690166975881262,
      "recall": 0.23770491803278687,
      "f1-score": 0.2523933855526545,
      "support": 610.0
    },
    "SEGOT": {
      "precision": 0.48493975903614456,
      "recall": 0.26480263157894735,
      "f1-score": 0.3425531914893617,
      "support": 608.0
    },
    "GDYNIA": {
      "precision": 0.25316455696202533,
      "recall": 0.2841918294849023,
      "f1-score": 0.26778242677824265,
      "support": 563.0
    },
    "RIGA": {
      "precision": 0.24448897795591182,
      "recall": 0.2210144927536232,
      "f1-score": 0.23215984776403426,
      "support": 552.0
    },
    "DERSK": {
      "precision": 0.4782608695652174,
      "recall": 0.3061630218687873,
      "f1-score": 0.37333333333333335,
      "support": 503.0
    },
    "LVLPX": {
      "precision": 0.19117647058823528,
      "recall": 0.20925553319919518,
      "f1-score": 0.19980787704130643,
      "support": 497.0
    },
    "DELBC": {
      "precision": 0.5447941888619855,
      "recall": 0.4817987152034261,
      "f1-score": 0.5113636363636364,
      "support": 467.0
    },
    "PLSWI": {
      "precision": 0.3238938053097345,
      "recall": 0.40486725663716816,
      "f1-score": 0.35988200589970504,
      "support": 452.0
    },
    "EETLL": {
      "precision": 0.09507042253521127,
      "recall": 0.060133630289532294,
      "f1-score": 0.07366984993178717,
      "support": 449.0
    },
    "NLAMS": {
      "precision": 0.20891364902506965,
      "recall": 0.16968325791855204,
      "f1-score": 0.18726591760299627,
      "support": 442.0
    },
    "TRELLEBORG": {
      "precision": 0.8517745302713987,
      "recall": 0.9315068493150684,
      "f1-score": 0.8898582333696837,
      "support": 438.0
    },
    "DKAAR": {
      "precision": 0.5921052631578947,
      "recall": 0.6221198156682027,
      "f1-score": 0.6067415730337079,
      "support": 434.0
    },
    "micro avg": {
      "precision": 0.3707282018524433,
      "recall": 0.2559960302144787,
      "f1-score": 0.3028603111444506,
      "support": 18137.0
    },
    "macro avg": {
      "precision": 0.37718570565424014,
      "recall": 0.27978821972834034,
      "f1-score": 0.3064953835743162,
      "support": 18137.0
    },
    "weighted avg": {
      "precision": 0.38458599011863404,
      "recall": 0.2559960302144787,
      "f1-score": 0.2910199535777558,
      "support": 18137.0
    }
  },
  "report_top_classes": 25
}